employee_id,name,department,salary,hire_date,city
1000,Eve Grace,Marketing,71230,2023-02-13,Berlin
1001,Bob Carol,Engineering,87522,2019-11-15,Madrid
1002,Jack Hugo,Support,51796,2022-09-01,Berlin
1003,Frank Jack,Engineering,56879,2022-04-05,Madrid
1004,Bob Grace,Marketing,76659,2023-06-23,London
1005,Frank Alice,Support,49150,2020-12-07,Madrid
1006,Ivy Ivy,Support,109087,2021-10-17,London
1007,Hugo Frank,Marketing,480000,2020-10-15,Madrid
1008,Jack Alice,Engineering,99986,2024-04-05,Madrid
1009,Hugo Carol,Engineering,78132,2023-04-07,Berlin
1010,Frank Eve,Engineering,66013,2020-09-13,Madrid
1011,Grace Dan,Engineering,81077,2022-03-31,Berlin
1012,Hugo Bob,Marketing,74110,2024-06-05,Berlin
1013,Hugo Alice,Engineering,65713,2019-05-02,Berlin
1014,Ivy Ivy,Engineering,72023,2018-05-27,London
1015,Jack Eve,Support,96890,2024-10-10,Madrid
1016,Frank Frank,Engineering,87899,2023-02-12,Madrid
1017,Frank Ivy,Support,100333,2023-02-05,Berlin
1018,Hugo Bob,Engineering,91966,2022-01-28,Madrid
1019,Frank Eve,Support,45143,2021-10-30,Paris
1020,Alice Carol,Marketing,91012,2019-03-12,Madrid
1021,Bob Eve,Support,98860,2022-08-04,Madrid
1022,Grace Dan,Marketing,57290,2019-05-10,Madrid
1023,Bob Grace,Engineering,91975,2021-10-16,London
1024,Hugo Jack,Support,95603,2023-01-20,Madrid
1025,Alice Ivy,Engineering,108167,2023-08-06,Berlin
1026,Hugo Ivy,Sales,99972,2024-07-24,Madrid
1027,Bob Grace,Support,92873,2019-06-10,Paris
1028,Grace Jack,Sales,78037,2022-04-25,Paris
1029,Eve Hugo,Sales,71074,2021-11-05,Madrid
1030,Ivy Eve,Support,72049,2024-10-03,Paris
1031,Dan Dan,Sales,91653,2024-03-17,Paris
1032,Carol Carol,Support,89997,2021-11-15,Paris
1033,Frank Ivy,Marketing,91553,2019-04-18,Berlin
1034,Eve Grace,Engineering,89187,2023-12-27,London
1035,Carol Alice,Engineering,46656,2022-04-10,Madrid
1036,Eve Eve,Sales,62496,2019-10-22,London
1037,Dan Ivy,Engineering,90258,2021-04-23,Paris
1038,Bob Jack,Support,98348,2023-01-28,Madrid
1039,Grace Dan,Support,93654,2024-04-17,Paris
1040,Grace Grace,Marketing,90412,2018-07-12,Paris
1041,Alice Alice,HR,108296,2024-03-11,Madrid
1042,Dan Frank,Support,85669,2022-12-20,Madrid
1043,Eve Hugo,Sales,95865,2020-03-03,London
1044,Ivy Bob,Marketing,57253,2019-12-13,London
1045,Ivy Eve,Sales,73082,2021-02-17,Madrid
1046,Alice Frank,Marketing,83272,2020-11-10,Madrid
1047,Frank Jack,Engineering,47617,2019-09-22,Paris
1048,Ivy Frank,Engineering,77148,2024-06-03,Paris
1049,Carol Ivy,Engineering,79432,2020-06-19,Madrid
1050,Ivy Grace,Engineering,72258,2024-02-03,Paris
1051,Frank Frank,HR,59496,2020-05-23,Paris
1052,Hugo Ivy,Engineering,59316,2023-12-13,London
1053,Hugo Dan,Support,88839,2021-11-18,Madrid
1054,Frank Grace,Engineering,107842,2018-06-13,Berlin
1055,Eve Alice,Support,61815,2024-01-22,Paris
1056,Hugo Hugo,Engineering,78705,2023-09-15,Paris
1057,Frank Ivy,Engineering,103869,2020-02-28,London
1058,Ivy Alice,Engineering,55970,2024-01-13,Madrid
1059,Grace Bob,Sales,88931,2020-05-23,Berlin
1060,Carol Alice,Marketing,87373,2018-10-23,Paris
1061,Bob Alice,Sales,47482,2018-12-25,Paris
1062,Jack Dan,HR,81574,2018-10-16,Berlin
1063,Grace Grace,HR,70430,2023-01-22,London
1064,Ivy Alice,Support,70526,2019-04-30,London
1065,Alice Bob,HR,94542,2024-07-26,London
1066,Jack Bob,HR,63994,2021-05-19,Berlin
1067,Alice Hugo,Sales,69996,2022-06-07,Madrid
1068,Ivy Eve,Sales,53937,2022-05-21,Paris
1069,Alice Ivy,Support,89386,2022-03-09,Madrid
1070,Alice Jack,Support,53076,2018-06-21,Berlin
1071,Bob Eve,Sales,80202,2024-02-21,Paris
1072,Ivy Carol,Sales,58876,2022-08-18,Madrid
1073,Dan Bob,Sales,59469,2020-11-01,London
1074,Hugo Ivy,Engineering,100796,2024-02-27,Paris
1075,Eve Bob,Sales,89019,2018-10-03,Berlin
1076,Frank Carol,Sales,107360,2021-09-17,London
1077,Dan Frank,Marketing,63686,2018-10-13,Berlin
1078,Jack Carol,Support,66518,2021-06-06,Paris
1079,Grace Carol,Engineering,97933,2021-07-19,Paris
1080,Grace Eve,HR,61133,2020-06-26,Madrid
1081,Hugo Hugo,Marketing,89536,2021-09-20,Paris
1082,Hugo Ivy,Engineering,95775,2021-06-05,Madrid
1083,Bob Eve,Sales,87306,2024-10-20,Madrid
1084,Bob Alice,Support,62251,2018-11-10,London
1085,Jack Grace,Support,98257,2024-07-11,Madrid
1086,Ivy Eve,Support,104395,2018-05-31,Berlin
1087,Frank Grace,Sales,87854,2019-09-01,Paris
1088,Ivy Ivy,Engineering,53774,2023-03-19,Berlin
1089,Alice Dan,Support,68846,2023-08-19,Madrid
1090,Carol Hugo,Sales,94624,2023-10-07,Madrid
1091,Carol Hugo,HR,82116,2024-05-06,London
1092,Dan Bob,HR,59340,2023-06-21,Paris
1093,Dan Ivy,HR,60336,2018-06-25,Berlin
1094,Alice Alice,HR,75780,2023-02-06,London
1095,Eve Eve,Support,91120,2023-11-06,Madrid
1096,Frank Jack,Engineering,69684,2022-03-31,Paris
1097,Ivy Grace,HR,69663,2020-07-01,Paris
1098,Jack Alice,Support,76906,2023-05-29,Madrid
1099,Dan Bob,Support,73829,2019-11-10,Paris
1100,Carol Carol,HR,58861,2019-09-08,London
1101,Grace Frank,Engineering,88326,2020-08-01,Berlin
1102,Hugo Dan,Support,89251,2023-05-16,Madrid
1103,Alice Dan,Engineering,87418,2022-08-11,Madrid
1104,Carol Carol,Support,82584,2024-08-23,London
1105,Carol Alice,Sales,103379,2024-06-02,Paris
1106,Ivy Grace,Support,105453,2020-01-08,London
1107,Bob Dan,Marketing,102573,2021-03-07,Berlin
1108,Carol Dan,Marketing,101839,2023-05-27,Madrid
1109,Carol Jack,Support,97075,2024-07-14,Paris
1110,Hugo Jack,Support,55991,2021-11-04,London
1111,Grace Carol,Engineering,60061,2022-03-30,London
1112,Ivy Grace,Sales,58261,2023-11-12,London
1113,Jack Jack,Engineering,56627,2023-05-04,London
1114,Carol Jack,Support,51107,2023-05-30,London
1115,Ivy Grace,HR,103783,2022-11-03,London
1116,Grace Dan,Marketing,90720,2023-12-11,Berlin
1117,Jack Bob,Marketing,67971,2024-08-09,Madrid
1118,Dan Bob,HR,61680,2023-05-09,Berlin
1119,Alice Alice,Support,61895,2020-02-14,London
